{
    "dataset_name": "arrhythmia",
    "final_accuracy": 91.21951219512195,
    "total_time": 14.64309573173523,
    "accuracy_history": [
        53.65853658536585,
        80.48780487804878,
        82.4390243902439,
        85.85365853658537,
        86.34146341463415,
        87.3170731707317,
        87.3170731707317,
        88.29268292682927,
        88.78048780487805,
        89.26829268292683,
        89.26829268292683,
        89.7560975609756,
        89.7560975609756,
        90.73170731707317,
        89.26829268292683,
        88.29268292682927,
        89.26829268292683,
        90.2439024390244,
        90.73170731707317,
        90.2439024390244,
        90.2439024390244,
        90.2439024390244,
        90.73170731707317,
        91.21951219512195,
        89.7560975609756,
        90.73170731707317,
        92.6829268292683,
        91.70731707317073,
        90.73170731707317,
        90.73170731707317,
        91.70731707317073,
        91.21951219512195,
        90.73170731707317,
        92.6829268292683,
        90.2439024390244,
        92.1951219512195,
        90.2439024390244,
        90.2439024390244,
        92.1951219512195,
        90.73170731707317,
        90.73170731707317,
        89.26829268292683,
        92.1951219512195,
        92.1951219512195,
        92.1951219512195,
        91.70731707317073,
        89.7560975609756,
        89.7560975609756,
        90.73170731707317,
        90.73170731707317,
        90.73170731707317,
        92.6829268292683,
        92.6829268292683,
        91.21951219512195,
        90.73170731707317,
        89.7560975609756,
        89.26829268292683,
        90.73170731707317,
        91.21951219512195,
        91.21951219512195,
        92.1951219512195,
        92.1951219512195,
        91.21951219512195,
        92.6829268292683,
        92.6829268292683,
        92.1951219512195,
        92.1951219512195,
        90.2439024390244,
        92.1951219512195,
        90.73170731707317,
        91.21951219512195,
        92.6829268292683,
        90.2439024390244,
        91.70731707317073,
        90.73170731707317,
        91.70731707317073,
        92.6829268292683,
        91.21951219512195,
        90.2439024390244,
        91.21951219512195,
        91.70731707317073,
        90.73170731707317,
        90.2439024390244,
        91.21951219512195,
        92.6829268292683,
        92.6829268292683,
        92.6829268292683,
        90.2439024390244,
        91.70731707317073,
        92.1951219512195,
        92.6829268292683,
        90.2439024390244,
        90.73170731707317,
        90.2439024390244,
        92.6829268292683,
        91.21951219512195,
        91.21951219512195,
        91.21951219512195,
        92.6829268292683,
        92.6829268292683,
        92.6829268292683,
        92.1951219512195,
        92.1951219512195,
        91.21951219512195,
        92.6829268292683,
        92.1951219512195,
        90.73170731707317,
        91.70731707317073,
        90.2439024390244,
        92.6829268292683,
        92.6829268292683,
        90.73170731707317,
        92.1951219512195,
        90.2439024390244,
        90.73170731707317,
        90.73170731707317,
        92.1951219512195,
        92.6829268292683,
        91.21951219512195,
        91.70731707317073,
        92.6829268292683,
        92.1951219512195,
        90.2439024390244,
        90.2439024390244,
        90.2439024390244,
        91.21951219512195
    ]
}