{
    "dataset_name": "arrhythmia",
    "model_name": "mlp",
    "num_rounds": 25,
    "clients_per_round": 5,
    "local_epochs": 5,
    "plaintext_accuracies": [
        47.31707317073171,
        80.48780487804878,
        81.95121951219512,
        83.41463414634147,
        84.39024390243902,
        85.85365853658537,
        86.34146341463415,
        87.3170731707317,
        86.82926829268293,
        87.3170731707317,
        89.26829268292683,
        87.3170731707317,
        88.29268292682927,
        88.78048780487805,
        88.29268292682927,
        88.29268292682927,
        89.26829268292683,
        87.8048780487805,
        87.8048780487805,
        89.26829268292683,
        89.7560975609756,
        89.26829268292683,
        89.7560975609756,
        90.2439024390244,
        92.1951219512195,
        92.6829268292683
    ],
    "plaintext_losses": [
        0.6936797499656677,
        0.5285163521766663,
        0.3964163661003113,
        0.3571511507034302,
        0.3397233486175537,
        0.3339352011680603,
        0.31964606046676636,
        0.30358099937438965,
        0.310828298330307,
        0.29906561970710754,
        0.29751354455947876,
        0.2865436375141144,
        0.27747249603271484,
        0.2733502686023712,
        0.2784881889820099,
        0.25940611958503723,
        0.25622719526290894,
        0.2671312689781189,
        0.25783368945121765,
        0.24168069660663605,
        0.24494247138500214,
        0.2415931522846222,
        0.2497108429670334,
        0.24006471037864685,
        0.23807603120803833,
        0.24336495995521545
    ],
    "plaintext_times": [
        0.2849545478820801,
        0.1959676742553711,
        0.31521058082580566,
        0.3430328369140625,
        0.29828667640686035,
        0.34882092475891113,
        0.21994590759277344,
        0.2225358486175537,
        0.2383136749267578,
        0.19593334197998047,
        0.2677464485168457,
        0.2257981300354004,
        0.20703601837158203,
        0.2377936840057373,
        0.2561640739440918,
        0.22398948669433594,
        0.22989726066589355,
        0.2208564281463623,
        0.26558589935302734,
        0.29469895362854004,
        0.2124013900756836,
        0.20755314826965332,
        0.2035684585571289,
        0.2115020751953125,
        0.1986525058746338
    ],
    "secure_accuracies": [
        47.31707317073171,
        80.48780487804878,
        82.4390243902439,
        81.95121951219512,
        83.90243902439025,
        83.90243902439025,
        84.8780487804878,
        86.82926829268293,
        86.82926829268293,
        87.8048780487805,
        87.8048780487805,
        86.34146341463415,
        88.29268292682927,
        87.8048780487805,
        88.78048780487805,
        90.73170731707317,
        88.78048780487805,
        91.70731707317073,
        91.21951219512195,
        91.21951219512195,
        91.21951219512195,
        89.26829268292683,
        89.7560975609756,
        90.73170731707317,
        91.70731707317073,
        92.1951219512195
    ],
    "secure_losses": [
        0.6936797499656677,
        0.522964358329773,
        0.39610785245895386,
        0.36700621247291565,
        0.3517724275588989,
        0.3498098850250244,
        0.33357274532318115,
        0.3188198208808899,
        0.3086089789867401,
        0.2977844178676605,
        0.2880081832408905,
        0.28706875443458557,
        0.28031834959983826,
        0.2749173939228058,
        0.2564118802547455,
        0.2647784352302551,
        0.2610468566417694,
        0.2539864778518677,
        0.24390754103660583,
        0.2518920600414276,
        0.24505113065242767,
        0.2491256147623062,
        0.24275396764278412,
        0.2379114031791687,
        0.23651887476444244,
        0.22216908633708954
    ],
    "secure_times": [
        0.9094407558441162,
        0.8266453742980957,
        1.0161354541778564,
        1.3146357536315918,
        1.1713099479675293,
        1.1631603240966797,
        0.906998872756958,
        0.9112787246704102,
        0.8882298469543457,
        1.4696533679962158,
        2.263727903366089,
        3.317070960998535,
        1.9904146194458008,
        1.7371406555175781,
        2.276939630508423,
        2.129814386367798,
        1.4308726787567139,
        1.638319492340088,
        1.3596341609954834,
        1.953127145767212,
        1.9978480339050293,
        1.402559757232666,
        1.4542105197906494,
        1.0658540725708008,
        1.2601711750030518
    ],
    "sample_plaintext_update": {
        "layer_1.weight": {
            "shape": "[256, 13]",
            "sample_values": "[-0.12460000067949295, 0.061000000685453415]"
        },
        "layer_1.bias": {
            "shape": "[256]",
            "sample_values": "[0.02070000022649765, 0.23440000414848328]"
        }
    },
    "patient_samples": [
        {
            "features": [
                39.0,
                0.0,
                2.0,
                94.0,
                199.0,
                0.0,
                1.0,
                179.0,
                0.0,
                0.0,
                2.0,
                0.0,
                2.0
            ],
            "actual_label": 0
        },
        {
            "features": [
                53.0,
                0.0,
                0.0,
                130.0,
                264.0,
                0.0,
                0.0,
                143.0,
                0.0,
                0.4,
                1.0,
                0.0,
                2.0
            ],
            "actual_label": 0
        },
        {
            "features": [
                59.0,
                1.0,
                0.0,
                135.0,
                234.0,
                0.0,
                1.0,
                161.0,
                0.0,
                0.5,
                1.0,
                0.0,
                3.0
            ],
            "actual_label": 0
        },
        {
            "features": [
                57.0,
                0.0,
                0.0,
                140.0,
                241.0,
                0.0,
                1.0,
                123.0,
                1.0,
                0.2,
                1.0,
                0.0,
                3.0
            ],
            "actual_label": 1
        },
        {
            "features": [
                42.0,
                1.0,
                1.0,
                120.0,
                295.0,
                0.0,
                1.0,
                162.0,
                0.0,
                0.0,
                2.0,
                0.0,
                2.0
            ],
            "actual_label": 0
        }
    ],
    "feature_names": [
        "age",
        "sex",
        "cp",
        "trestbps",
        "chol",
        "fbs",
        "restecg",
        "thalach",
        "exang",
        "oldpeak",
        "slope",
        "ca",
        "thal"
    ]
}